אבב	א	ב	ב	כפולים
אבד	א	ב	ד	שלמים
אבי	א	ב	י	נליה
אבכ	א	ב	כ	שלמים
אבל	א	ב	ל	שלמים
אבנ	א	ב	נ	שלמים
אבס	א	ב	ס	שלמים
אבק	א	ב	ק	שלמים
אגמ	א	ג	מ	שלמים
אגפ	א	ג	פ	שלמים
אגר	א	ג	ר	שלמים
אדב	א	ד	ב	שלמים
אדה	א	ד	ה	נליה
אדמ	א	ד	מ	שלמים
אדר	א	ד	ר	שלמים
אהב	א	ה	ב	שלמים
אהד	א	ה	ד	שלמים
אהל	א	ה	ל	שלמים
אוד	א	ו	ד	נעו
אוי	א	ו	י	נעו_נליה
אומ	א	ו	מ	נעו
אוצ	א	ו	צ	נעו
אור	א	ו	ר	נעו
אוש	א	ו	ש	נעו
אות	א	ו	ת	נעו
אזל	א	ז	ל	שלמים
אזנ	א	ז	נ	שלמים
אזק	א	ז	ק	שלמים
אזר	א	ז	ר	שלמים
אחד	א	ח	ד	שלמים
אחז	א	ח	ז	שלמים
אחי	א	ח	י	נליה
אחר	א	ח	ר	שלמים
אטט	א	ט	ט	כפולים
איד	א	י	ד	נעו
אימ	א	י	מ	נעו
איצ	א	י	צ	נעו
איר	א	י	ר	נעו
איש	א	י	ש	נעו
אית	א	י	ת	נעו
אכל	א	כ	ל	שלמים
אכפ	א	כ	פ	שלמים
אלה	א	ל	ה	נליה
אלפ	א	ל	פ	שלמים
אלצ	א	ל	צ	שלמים
אמד	א	מ	ד	שלמים
אמנ	א	מ	נ	שלמים
אמצ	א	מ	צ	שלמים
אמר	א	מ	ר	שלמים
אמת	א	מ	ת	שלמים
אני	א	נ	י	נליה
אנס	א	נ	ס	שלמים
אנש	א	נ	ש	שלמים
אסר	א	ס	ר	שלמים
אפה	א	פ	ה	נליה
אפל	א	פ	ל	שלמים
אפנ	א	פ	נ	שלמים
אפס	א	פ	ס	שלמים
אפק	א	פ	ק	שלמים
אפר	א	פ	ר	שלמים
אצל	א	צ	ל	שלמים
אצר	א	צ	ר	שלמים
ארב	א	ר	ב	שלמים
ארג	א	ר	ג	שלמים
ארז	א	ר	ז	שלמים
ארח	א	ר	ח	שלמים
ארי	א	ר	י	נליה
ארכ	א	ר	כ	שלמים
ארע	א	ר	ע	שלמים
ארק	א	ר	ק	שלמים
ארר	א	ר	ר	כפולים
אשמ	א	ש	מ	שלמים
אשר	א	ש	ר	שלמים
אשש	א	ש	ש	כפולים
אתר	א	ת	ר	שלמים
אתת	א	ת	ת	כפולים
באר	ב	א	ר	שלמים
באש	ב	א	ש	שלמים
בגד	ב	ג	ד	שלמים
בגר	ב	ג	ר	שלמים
בדד	ב	ד	ד	כפולים
בדי	ב	ד	י	נליה
בדל	ב	ד	ל	שלמים
בדק	ב	ד	ק	שלמים
בדר	ב	ד	ר	שלמים
בהי	ב	ה	י	נליה
בהק	ב	ה	ק	שלמים
בהר	ב	ה	ר	שלמים
בוא	ב	ו	א	נעו
בוכ	ב	ו	כ	נעו
בול	ב	ו	ל	נעו
בומ	ב	ו	מ	נעו
בונ	ב	ו	נ	נעו
בוס	ב	ו	ס	נעו
בור	ב	ו	ר	נעו
בות	ב	ו	ת	נעו
בחנ	ב	ח	נ	שלמים
בחר	ב	ח	ר	שלמים
בטח	ב	ט	ח	שלמים
בטל	ב	ט	ל	שלמים
בטנ	ב	ט	נ	שלמים
ביא	ב	י	א	נעו
ביכ	ב	י	כ	נעו
ביל	ב	י	ל	נעו
בימ	ב	י	מ	נעו
בינ	ב	י	נ	נעו
ביס	ב	י	ס	נעו
ביר	ב	י	ר	נעו
בית	ב	י	ת	נעו
בכי	ב	כ	י	נליה
בכר	ב	כ	ר	שלמים
בלג	ב	ל	ג	שלמים
בלח	ב	ל	ח	שלמים
בלט	ב	ל	ט	שלמים
בלס	ב	ל	ס	שלמים
בלע	ב	ל	ע	שלמים
בלפ	ב	ל	פ	שלמים
בלק	ב	ל	ק	שלמים
בלש	ב	ל	ש	שלמים
בני	ב	נ	י	נליה
בסס	ב	ס	ס	כפולים
בעל	ב	ע	ל	שלמים
בצע	ב	צ	ע	שלמים
בצר	ב	צ	ר	שלמים
בקע	ב	ק	ע	שלמים
בקר	ב	ק	ר	שלמים
בקש	ב	ק	ש	שלמים
ברא	ב	ר	א	שלמים
ברג	ב	ר	ג	שלמים
ברז	ב	ר	ז	שלמים
ברח	ב	ר	ח	שלמים
ברכ	ב	ר	כ	שלמים
ברק	ב	ר	ק	שלמים
ברר	ב	ר	ר	כפולים
ברש	ב	ר	ש	שלמים
בשר	ב	ש	ר	שלמים
בשש	ב	ש	ש	כפולים
בתל	ב	ת	ל	שלמים
בתת	ב	ת	ת	כפולים
גאי	ג	א	י	נליה
גבב	ג	ב	ב	כפולים
גבח	ג	ב	ח	שלמים
גבי	ג	ב	י	נליה
גבל	ג	ב	ל	שלמים
גבנ	ג	ב	נ	שלמים
גבס	ג	ב	ס	שלמים
גבר	ג	ב	ר	שלמים
גבש	ג	ב	ש	שלמים
גגל	ג	ג	ל	שלמים
גדד	ג	ד	ד	כפולים
גדל	ג	ד	ל	שלמים
גדמ	ג	ד	מ	שלמים
גדע	ג	ד	ע	שלמים
גדפ	ג	ד	פ	שלמים
גדר	ג	ד	ר	שלמים
גדש	ג	ד	ש	שלמים
גהי	ג	ה	י	נליה
גהצ	ג	ה	צ	שלמים
גהק	ג	ה	ק	שלמים
גהר	ג	ה	ר	שלמים
גוז	ג	ו	ז	נעו
גול	ג	ו	ל	נעו
גוס	ג	ו	ס	נעו
גופ	ג	ו	פ	נעו
גור	ג	ו	ר	נעו
גזל	ג	ז	ל	שלמים
גזמ	ג	ז	מ	שלמים
גזר	ג	ז	ר	שלמים
גיז	ג	י	ז	נעו
גיל	ג	י	ל	נעו
גיס	ג	י	ס	נעו
גיפ	ג	י	פ	נעו
גיר	ג	י	ר	נעו
גלח	ג	ל	ח	שלמים
גלי	ג	ל	י	נליה
גלל	ג	ל	ל	כפולים
גלש	ג	ל	ש	שלמים
גמא	ג	מ	א	שלמים
גמד	ג	מ	ד	שלמים
גמז	ג	מ	ז	שלמים
גמל	ג	מ	ל	שלמים
גממ	ג	מ	מ	כפולים
גמע	ג	מ	ע	שלמים
גמר	ג	מ	ר	שלמים
גנב	ג	נ	ב	שלמים
גנז	ג	נ	ז	שלמים
גנח	ג	נ	ח	שלמים
גני	ג	נ	י	נליה
גננ	ג	נ	נ	כפולים
געי	ג	ע	י	נליה
געל	ג	ע	ל	שלמים
גער	ג	ע	ר	שלמים
געש	ג	ע	ש	שלמים
גפפ	ג	פ	פ	כפולים
גפר	ג	פ	ר	שלמים
גרב	ג	ר	ב	שלמים
גרז	ג	ר	ז	שלמים
גרי	ג	ר	י	נליה
גרי	ג	ר	י	נליה
גרמ	ג	ר	מ	שלמים
גרס	ג	ר	ס	שלמים
גרע	ג	ר	ע	שלמים
גרק	ג	ר	ק	שלמים
גרר	ג	ר	ר	כפולים
גרש	ג	ר	ש	שלמים
גשם	ג	ש	ם	שלמים
גשר	ג	ש	ר	שלמים
גשש	ג	ש	ש	כפולים
גשת	ג	ש	ת	שלמים
ג'ופ	ג'	ו	פ	פז_נעו
ג'יפ	ג'	י	פ	פז_נעו
דבב	ד	ב	ב	פדטת_כפולים
דבג	ד	ב	ג	פדטת
דבק	ד	ב	ק	פדטת
דבר	ד	ב	ר	פדטת
דבש	ד	ב	ש	פדטת
דגי	ד	ג	י	פדטת_נליה
דגל	ד	ג	ל	פדטת
דגמ	ד	ג	מ	פדטת
דגר	ד	ג	ר	פדטת
דגש	ד	ג	ש	פדטת
דהמ	ד	ה	מ	פדטת
דהר	ד	ה	ר	פדטת
דוב	ד	ו	ב	פדטת_נעו
דוג	ד	ו	ג	פדטת_נעו
דוד	ד	ו	ד	פדטת_נעו
דוח	ד	ו	ח	פדטת_נעו
דוי	ד	ו	י	פדטת_נעו_נליה
דונ	ד	ו	נ	פדטת_נעו
דוצ	ד	ו	צ	פדטת_נעו
דוק	ד	ו	ק	פדטת_נעו
דור	ד	ו	ר	פדטת_נעו
דוש	ד	ו	ש	פדטת_נעו
דיב	ד	י	ב	פדטת_נעו
דיג	ד	י	ג	פדטת_נעו
דיד	ד	י	ד	פדטת_נעו
דיח	ד	י	ח	פדטת_נעו
דינ	ד	י	נ	פדטת_נעו
דיצ	ד	י	צ	פדטת_נעו
דיק	ד	י	ק	פדטת_נעו
דיר	ד	י	ר	פדטת_נעו
דיש	ד	י	ש	פדטת_נעו
דלג	ד	ל	ג	פדטת
דלח	ד	ל	ח	פדטת
דלי	ד	ל	י	פדטת_נליה
דלל	ד	ל	ל	פדטת_כפולים
דלפ	ד	ל	פ	פדטת
דלק	ד	ל	ק	פדטת
דמי	ד	מ	י	פדטת_נליה
דמכ	ד	מ	כ	פדטת
דממ	ד	מ	מ	פדטת_כפולים
דמע	ד	מ	ע	פדטת
דמת	ד	מ	ת	פדטת
דנג	ד	נ	ג	פדטת
דפנ	ד	פ	נ	פדטת
דפס	ד	פ	ס	פדטת
דרג	ד	ר	ג	פדטת
דרכ	ד	ר	כ	פדטת
דרמ	ד	ר	מ	פדטת
דרש	ד	ר	ש	פדטת
דשא	ד	ש	א	פדטת
דשנ	ד	ש	נ	פדטת
דשש	ד	ש	ש	פדטת_כפולים
הבל	ה	ב	ל	שלמים
הגג	ה	ג	ג	כפולים
הגי	ה	ג	י	נליה
הגר	ה	ג	ר	שלמים
הדד	ה	ד	ד	כפולים
הדי	ה	ד	י	נליה
הדכ	ה	ד	כ	שלמים
הדס	ה	ד	ס	שלמים
הדר	ה	ד	ר	שלמים
הוי	ה	ו	י	נעו_נליה
הומ	ה	ו	מ	נעו
הונ	ה	ו	נ	נעו
הות	ה	ו	ת	נעו
הימ	ה	י	מ	נעו
הינ	ה	י	נ	נעו
הית	ה	י	ת	נעו
הלכ	ה	ל	כ	שלמים
הלל	ה	ל	ל	כפולים
הלמ	ה	ל	מ	שלמים
המי	ה	מ	י	נליה
הממ	ה	מ	מ	כפולים
המר	ה	מ	ר	שלמים
הרג	ה	ר	ג	שלמים
הרי	ה	ר	י	נליה
הרס	ה	ר	ס	שלמים
ודא	ו	ד	א	נפיו
ודי	ו	ד	י	נפיו_נליה
וכח	ו	כ	ח	נפיו
וסת	ו	ס	ת	נפיו
ורד	ו	ר	ד	נפיו
ותק	ו	ת	ק	נפיו
ותר	ו	ת	ר	נפיו
זבד	ז	ב	ד	פז
זבח	ז	ב	ח	פז
זבל	ז	ב	ל	פז
זגג	ז	ג	ג	פז_כפולים
זהב	ז	ה	ב	פז
זהי	ז	ה	י	פז_נליה
זהמ	ז	ה	מ	פז
זהר	ז	ה	ר	פז
זוג	ז	ו	ג	פז_נעו
זוד	ז	ו	ד	פז_נעו
זוז	ז	ו	ז	פז_נעו
זוח	ז	ו	ח	פז_נעו
זוכ	ז	ו	כ	פז_נעו
זול	ז	ו	ל	פז_נעו
זונ	ז	ו	נ	פז_נעו
זופ	ז	ו	פ	פז_נעו
זור	ז	ו	ר	פז_נעו
זטר	ז	ט	ר	פז
זיג	ז	י	ג	פז_נעו
זיד	ז	י	ד	פז_נעו
זיז	ז	י	ז	פז_נעו
זיח	ז	י	ח	פז_נעו
זיכ	ז	י	כ	פז_נעו
זיל	ז	י	ל	פז_נעו
זינ	ז	י	נ	פז_נעו
זיפ	ז	י	פ	פז_נעו
זיר	ז	י	ר	פז_נעו
זכי	ז	כ	י	פז_נליה
זככ	ז	כ	כ	פז_כפולים
זכר	ז	כ	ר	פז
זלג	ז	ל	ג	פז
זלח	ז	ל	ח	פז
זלל	ז	ל	ל	פז_כפולים
זלפ	ז	ל	פ	פז
זממ	ז	מ	מ	פז_כפולים
זמנ	ז	מ	נ	פז
זמר	ז	מ	ר	פז
זנב	ז	נ	ב	פז
זנח	ז	נ	ח	פז
זני	ז	נ	י	פז_נליה
זנק	ז	נ	ק	פז
זעם	ז	ע	ם	פז
זעפ	ז	ע	פ	פז
זעק	ז	ע	ק	פז
זער	ז	ע	ר	פז
זפת	ז	פ	ת	פז
זקנ	ז	ק	נ	פז
זקפ	ז	ק	פ	פז
זקק	ז	ק	ק	פז_כפולים
זקר	ז	ק	ר	פז
זרז	ז	ר	ז	פז
זרח	ז	ר	ח	פז
זרי	ז	ר	י	פז_נליה
זרמ	ז	ר	מ	פז
זרע	ז	ר	ע	פז
זרק	ז	ר	ק	פז
חבא	ח	ב	א	שלמים
חבב	ח	ב	ב	כפולים
חבט	ח	ב	ט	שלמים
חבל	ח	ב	ל	שלמים
חבצ	ח	ב	צ	שלמים
חבק	ח	ב	ק	שלמים
חבר	ח	ב	ר	שלמים
חבש	ח	ב	ש	שלמים
חבת	ח	ב	ת	שלמים
חגג	ח	ג	ג	כפולים
חגר	ח	ג	ר	שלמים
חדל	ח	ד	ל	שלמים
חדק	ח	ד	ק	שלמים
חדר	ח	ד	ר	שלמים
חדש	ח	ד	ש	שלמים
חוב	ח	ו	ב	נעו
חוט	ח	ו	ט	נעו
חוי	ח	ו	י	נעו_נליה
חוכ	ח	ו	כ	נעו
חול	ח	ו	ל	נעו
חוצ	ח	ו	צ	נעו
חוש	ח	ו	ש	נעו
חזי	ח	ז	י	נליה
חזמ	ח	ז	מ	שלמים
חזק	ח	ז	ק	שלמים
חזר	ח	ז	ר	שלמים
חטא	ח	ט	א	שלמים
חטב	ח	ט	ב	שלמים
חטט	ח	ט	ט	כפולים
חטמ	ח	ט	מ	שלמים
חטפ	ח	ט	פ	שלמים
חיב	ח	י	ב	נעו
חיט	ח	י	ט	נעו
חיכ	ח	י	כ	נעו
חיל	ח	י	ל	נעו
חיצ	ח	י	צ	נעו
חיש	ח	י	ש	נעו
חכמ	ח	כ	מ	שלמים
חלא	ח	ל	א	שלמים
חלב	ח	ל	ב	שלמים
חלט	ח	ל	ט	שלמים
חלי	ח	ל	י	נליה
חלל	ח	ל	ל	כפולים
חלמ	ח	ל	מ	שלמים
חלפ	ח	ל	פ	שלמים
חלצ	ח	ל	צ	שלמים
חלק	ח	ל	ק	שלמים
חלש	ח	ל	ש	שלמים
חמא	ח	מ	א	שלמים
חמד	ח	מ	ד	שלמים
חמל	ח	מ	ל	שלמים
חממ	ח	מ	מ	כפולים
חמס	ח	מ	ס	שלמים
חמצ	ח	מ	צ	שלמים
חמק	ח	מ	ק	שלמים
חמר	ח	מ	ר	שלמים
חמש	ח	מ	ש	שלמים
חני	ח	נ	י	נליה
חנכ	ח	נ	כ	שלמים
חננ	ח	נ	נ	כפולים
חנפ	ח	נ	פ	שלמים
חנק	ח	נ	ק	שלמים
חסד	ח	ס	ד	שלמים
חסנ	ח	ס	נ	שלמים
חסר	ח	ס	ר	שלמים
חפא	ח	פ	א	שלמים
חפז	ח	פ	ז	שלמים
חפנ	ח	פ	נ	שלמים
חפפ	ח	פ	פ	כפולים
חפצ	ח	פ	צ	שלמים
חפר	ח	פ	ר	שלמים
חפש	ח	פ	ש	שלמים
חפשׂ	ח	פ	שׂ	שלמים
חצב	ח	צ	ב	שלמים
חצד	ח	צ	ד	שלמים
חצי	ח	צ	י	נליה
חצנ	ח	צ	נ	שלמים
חצפ	ח	צ	פ	שלמים
חצצ	ח	צ	צ	כפולים
חצר	ח	צ	ר	שלמים
חקי	ח	ק	י	נליה
חקנ	ח	ק	נ	שלמים
חקק	ח	ק	ק	כפולים
חקר	ח	ק	ר	שלמים
חרב	ח	ר	ב	שלמים
חרג	ח	ר	ג	שלמים
חרד	ח	ר	ד	שלמים
חרז	ח	ר	ז	שלמים
חרט	ח	ר	ט	שלמים
חרי	ח	ר	י	נליה
חרכ	ח	ר	כ	שלמים
חרמ	ח	ר	מ	שלמים
חרס	ח	ר	ס	שלמים
חרע	ח	ר	ע	שלמים
חרפ	ח	ר	פ	שלמים
חרצ	ח	ר	צ	שלמים
חרק	ח	ר	ק	שלמים
חרר	ח	ר	ר	כפולים
חרש	ח	ר	ש	שלמים
חרת	ח	ר	ת	שלמים
חשב	ח	ש	ב	שלמים
חשד	ח	ש	ד	שלמים
חשי	ח	ש	י	נליה
חשכ	ח	ש	כ	שלמים
חשל	ח	ש	ל	שלמים
חשק	ח	ש	ק	שלמים
חשר	ח	ש	ר	שלמים
חשש	ח	ש	ש	כפולים
חשׂכ	ח	שׂ	כ	שלמים
חשׂפ	ח	שׂ	פ	שלמים
חתי	ח	ת	י	נליה
חתכ	ח	ת	כ	שלמים
חתל	ח	ת	ל	שלמים
חתמ	ח	ת	מ	שלמים
חתנ	ח	ת	נ	שלמים
חתר	ח	ת	ר	שלמים
חתת	ח	ת	ת	כפולים
טבח	ט	ב	ח	פדטת
טבל	ט	ב	ל	פדטת
טבע	ט	ב	ע	פדטת
טגנ	ט	ג	נ	פדטת
טהר	ט	ה	ר	פדטת
טוב	ט	ו	ב	פדטת_נעו
טוח	ט	ו	ח	פדטת_נעו
טוי	ט	ו	י	פדטת_נעו_נליה
טול	ט	ו	ל	פדטת_נעו
טוס	ט	ו	ס	פדטת_נעו
טיב	ט	י	ב	פדטת_נעו
טיח	ט	י	ח	פדטת_נעו
טיל	ט	י	ל	פדטת_נעו
טיס	ט	י	ס	פדטת_נעו
טכס	ט	כ	ס	פדטת
טלא	ט	ל	א	פדטת
טלל	ט	ל	ל	פדטת_כפולים
טמי	ט	מ	י	פדטת_נליה
טממ	ט	מ	מ	פדטת_כפולים
טמנ	ט	מ	נ	פדטת
טמר	ט	מ	ר	פדטת
טננ	ט	נ	נ	פדטת_כפולים
טנפ	ט	נ	פ	פדטת
טעי	ט	ע	י	פדטת_נליה
טעמ	ט	ע	מ	פדטת
טענ	ט	ע	נ	פדטת
טפח	ט	פ	ח	פדטת
טפט	ט	פ	ט	פדטת
טפל	ט	פ	ל	פדטת
טקס	ט	ק	ס	פדטת
טרד	ט	ר	ד	פדטת
טרח	ט	ר	ח	פדטת
טרל	ט	ר	ל	פדטת
טרמ	ט	ר	מ	פדטת
טרפ	ט	ר	פ	פדטת
טרק	ט	ר	ק	פדטת
יאב	י	א	ב	נפיו
יאי	י	א	י	נפיו_נליה
יאל	י	א	ל	נפיו
יאש	י	א	ש	נפיו
יבא	י	ב	א	נפיו
יבב	י	ב	ב	נפיו_כפולים
יבל	י	ב	ל	נפיו
יבמ	י	ב	מ	נפיו
יבש	י	ב	ש	נפיו
יגי	י	ג	י	נפיו_נליה
יגע	י	ג	ע	נפיו
יגר	י	ג	ר	נפיו
ידד	י	ד	ד	נפיו_כפולים
ידי	י	ד	י	נפיו_נליה
ידע	י	ד	ע	נפיו
יהד	י	ה	ד	נפיו
יזע	י	ז	ע	נפיו
יחל	י	ח	ל	נפיו
יחס	י	ח	ס	נפיו
יחפ	י	ח	פ	נפיו
יטב	י	ט	ב	נפיו
יכל	י	כ	ל	נפיו
ילד	י	ל	ד	נפיו
ילל	י	ל	ל	נפיו_כפולים
יממ	י	מ	מ	נפיו_כפולים
ימנ	י	מ	נ	נפיו
יני	י	נ	י	נפיו_נליה
יננ	י	נ	נ	נפיו_כפולים
ינק	י	נ	ק	נפיו
יסד	י	ס	ד	נפיו
יספ	י	ס	פ	נפיו
יעד	י	ע	ד	נפיו
יעט	י	ע	ט	נפיו
יעי	י	ע	י	נפיו_נליה
יעל	י	ע	ל	נפיו
יעפ	י	ע	פ	נפיו
יעצ	י	ע	צ	נפיו
יער	י	ע	ר	נפיו
יפח	י	פ	ח	נפיו
יפי	י	פ	י	נפיו_נליה
יפע	י	פ	ע	נפיו
יצא	י	צ	א	נפיו
יצב	י	צ	ב	נפיו
יצג	י	צ	ג	נפיו
יצע	י	צ	ע	נפיו
יצק	י	צ	ק	נפיו
יצר	י	צ	ר	נפיו
יצת	י	צ	ת	נפיו
יקד	י	ק	ד	נפיו
ירא	י	ר	א	נפיו
ירד	י	ר	ד	נפיו
ירח	י	ר	ח	נפיו
ירי	י	ר	י	נפיו_נליה
ירק	י	ר	ק	נפיו
ירש	י	ר	ש	נפיו
ישב	י	ש	ב	נפיו
ישט	י	ש	ט	נפיו
ישנ	י	ש	נ	נפיו
ישע	י	ש	ע	נפיו
ישר	י	ש	ר	נפיו
ישש	י	ש	ש	נפיו_כפולים
יתד	י	ת	ד	נפיו
יתמ	י	ת	מ	נפיו
כאב	כ	א	ב	שלמים
כאי	כ	א	י	נליה
כבד	כ	ב	ד	שלמים
כבי	כ	ב	י	נליה
כבל	כ	ב	ל	שלמים
כבס	כ	ב	ס	שלמים
כבר	כ	ב	ר	שלמים
כבש	כ	ב	ש	שלמים
כבשׂ	כ	ב	שׂ	שלמים
כוח	כ	ו	ח	נעו
כוי	כ	ו	י	נעו_נליה
כול	כ	ו	ל	נעו
כונ	כ	ו	נ	נעו
כור	כ	ו	ר	נעו
כחד	כ	ח	ד	שלמים
כחח	כ	ח	ח	כפולים
כחי	כ	ח	י	נליה
כחל	כ	ח	ל	שלמים
כיח	כ	י	ח	נעו
כיל	כ	י	ל	נעו
כינ	כ	י	נ	נעו
כיר	כ	י	ר	נעו
כלא	כ	ל	א	שלמים
כלב	כ	ל	ב	שלמים
כלי	כ	ל	י	נליה
כלל	כ	ל	ל	כפולים
כלמ	כ	ל	מ	שלמים
כמי	כ	מ	י	נליה
כמנ	כ	מ	נ	שלמים
כמס	כ	מ	ס	שלמים
כמר	כ	מ	ר	שלמים
כמש	כ	מ	ש	שלמים
כמת	כ	מ	ת	שלמים
כני	כ	נ	י	נליה
כנמ	כ	נ	מ	שלמים
כננ	כ	נ	נ	כפולים
כנס	כ	נ	ס	שלמים
כנע	כ	נ	ע	שלמים
כנפ	כ	נ	פ	שלמים
כנר	כ	נ	ר	שלמים
כסח	כ	ס	ח	שלמים
כסי	כ	ס	י	נליה
כסס	כ	ס	ס	כפולים
כספ	כ	ס	פ	שלמים
כעס	כ	ע	ס	שלמים
כער	כ	ע	ר	שלמים
כפי	כ	פ	י	נליה
כפל	כ	פ	ל	שלמים
כפנ	כ	פ	נ	שלמים
כפפ	כ	פ	פ	כפולים
כפר	כ	פ	ר	שלמים
כפש	כ	פ	ש	שלמים
כפת	כ	פ	ת	שלמים
כרז	כ	ר	ז	שלמים
כרח	כ	ר	ח	שלמים
כרי	כ	ר	י	נליה
כרכ	כ	ר	כ	שלמים
כרמ	כ	ר	מ	שלמים
כרע	כ	ר	ע	שלמים
כרר	כ	ר	ר	כפולים
כרת	כ	ר	ת	שלמים
כשל	כ	ש	ל	שלמים
כשפ	כ	ש	פ	שלמים
כשר	כ	ש	ר	שלמים
כשׂי	כ	שׂ	י	נליה
כתב	כ	ת	ב	שלמים
כתל	כ	ת	ל	שלמים
כתר	כ	ת	ר	שלמים
לאט	ל	א	ט	שלמים
לאי	ל	א	י	נליה
לאמ	ל	א	מ	שלמים
לבב	ל	ב	ב	כפולים
לבד	ל	ב	ד	שלמים
לבט	ל	ב	ט	שלמים
לבי	ל	ב	י	נליה
לבנ	ל	ב	נ	שלמים
לבש	ל	ב	ש	שלמים
לגז	ל	ג	ז	שלמים
לגמ	ל	ג	מ	שלמים
לוז	ל	ו	ז	נעו
לוי	ל	ו	י	נעו_נליה
לול	ל	ו	ל	נעו
לונ	ל	ו	נ	נעו
לונ	ל	ו	נ	נעו
לוצ	ל	ו	צ	נעו
לוש	ל	ו	ש	נעו
לחכ	ל	ח	כ	שלמים
לחמ	ל	ח	מ	שלמים
לחנ	ל	ח	נ	שלמים
לחצ	ל	ח	צ	שלמים
לחש	ל	ח	ש	שלמים
לחת	ל	ח	ת	שלמים
לטפ	ל	ט	פ	שלמים
לטש	ל	ט	ש	שלמים
ליז	ל	י	ז	נעו
ליל	ל	י	ל	נעו
לינ	ל	י	נ	נעו
לינ	ל	י	נ	נעו
ליצ	ל	י	צ	נעו
ליש	ל	י	ש	נעו
למד	ל	מ	ד	שלמים
למנ	ל	מ	נ	שלמים
לעב	ל	ע	ב	שלמים
לעג	ל	ע	ג	שלמים
לעט	ל	ע	ט	שלמים
לעס	ל	ע	ס	שלמים
לקח	ל	ק	ח	שלמים
לקט	ל	ק	ט	שלמים
לקי	ל	ק	י	נליה
לקק	ל	ק	ק	כפולים
מאד	מ	א	ד	שלמים
מאנ	מ	א	נ	שלמים
מאס	מ	א	ס	שלמים
מאר	מ	א	ר	שלמים
מגג	מ	ג	ג	כפולים
מגנ	מ	ג	נ	שלמים
מגר	מ	ג	ר	שלמים
מדד	מ	ד	ד	כפולים
מדל	מ	ד	ל	שלמים
מדר	מ	ד	ר	שלמים
מהי	מ	ה	י	נליה
מהל	מ	ה	ל	שלמים
מהר	מ	ה	ר	שלמים
מוג	מ	ו	ג	נעו
מוח	מ	ו	ח	נעו
מוט	מ	ו	ט	נעו
מוכ	מ	ו	כ	נעו
מול	מ	ו	ל	נעו
מומ	מ	ו	מ	נעו
מונ	מ	ו	נ	נעו
מור	מ	ו	ר	נעו
מוש	מ	ו	ש	נעו
מות	מ	ו	ת	נעו
מזג	מ	ז	ג	שלמים
מזל	מ	ז	ל	שלמים
מחא	מ	ח	א	שלמים
מחז	מ	ח	ז	שלמים
מחט	מ	ח	ט	שלמים
מחי	מ	ח	י	נליה
מחל	מ	ח	ל	שלמים
מחק	מ	ח	ק	שלמים
מחש	מ	ח	ש	שלמים
מטר	מ	ט	ר	שלמים
מיג	מ	י	ג	נעו
מיח	מ	י	ח	נעו
מיט	מ	י	ט	נעו
מיכ	מ	י	כ	נעו
מיל	מ	י	ל	נעו
מימ	מ	י	מ	נעו
מינ	מ	י	נ	נעו
מיר	מ	י	ר	נעו
מיש	מ	י	ש	נעו
מית	מ	י	ת	נעו
מככ	מ	כ	כ	כפולים
מכל	מ	כ	ל	שלמים
מכנ	מ	כ	נ	שלמים
מכר	מ	כ	ר	שלמים
מלא	מ	ל	א	שלמים
מלח	מ	ל	ח	שלמים
מלט	מ	ל	ט	שלמים
מלכ	מ	ל	כ	שלמים
מלל	מ	ל	ל	כפולים
מלצ	מ	ל	צ	שלמים
מלק	מ	ל	ק	שלמים
ממנ	מ	מ	נ	שלמים
ממש	מ	מ	ש	שלמים
מני	מ	נ	י	נליה
מננ	מ	נ	נ	כפולים
מנע	מ	נ	ע	שלמים
מנפ	מ	נ	פ	שלמים
מסד	מ	ס	ד	שלמים
מסי	מ	ס	י	נליה
מסכ	מ	ס	כ	שלמים
מסס	מ	ס	ס	כפולים
מסק	מ	ס	ק	שלמים
מסר	מ	ס	ר	שלמים
מעד	מ	ע	ד	שלמים
מעט	מ	ע	ט	שלמים
מעכ	מ	ע	כ	שלמים
מעל	מ	ע	ל	שלמים
מענ	מ	ע	נ	שלמים
מפי	מ	פ	י	נליה
מצא	מ	צ	א	שלמים
מצב	מ	צ	ב	שלמים
מצי	מ	צ	י	נליה
מצע	מ	צ	ע	שלמים
מצצ	מ	צ	צ	כפולים
מצק	מ	צ	ק	שלמים
מקד	מ	ק	ד	שלמים
מקל	מ	ק	ל	שלמים
מקמ	מ	ק	מ	שלמים
מקש	מ	ק	ש	שלמים
מרא	מ	ר	א	שלמים
מרב	מ	ר	ב	שלמים
מרד	מ	ר	ד	שלמים
מרח	מ	ר	ח	שלמים
מרט	מ	ר	ט	שלמים
מרי	מ	ר	י	נליה
מרס	מ	ר	ס	שלמים
מרצ	מ	ר	צ	שלמים
מרק	מ	ר	ק	שלמים
מרר	מ	ר	ר	כפולים
משב	מ	ש	ב	שלמים
משח	מ	ש	ח	שלמים
משי	מ	ש	י	נליה
משכ	מ	ש	כ	שלמים
משל	מ	ש	ל	שלמים
משק	מ	ש	ק	שלמים
משש	מ	ש	ש	כפולים
משׂג	מ	שׂ	ג	שלמים
מתג	מ	ת	ג	שלמים
מתח	מ	ת	ח	שלמים
מתנ	מ	ת	נ	שלמים
מתק	מ	ת	ק	שלמים
נאי	נ	א	י	נליה
נאמ	נ	א	מ	שלמים
נאפ	נ	א	פ	שלמים
נאצ	נ	א	צ	שלמים
נאק	נ	א	ק	שלמים
נבא	נ	ב	א	שלמים
נבב	נ	ב	ב	כפולים
נבח	נ	ב	ח	שלמים
נבט	נ	ב	ט	שלמים
נבי	נ	ב	י	נליה
נבכ	נ	ב	כ	שלמים
נבל	נ	ב	ל	שלמים
נבע	נ	ב	ע	שלמים
נבר	נ	ב	ר	שלמים
נגד	נ	ג	ד	שלמים
נגה	נ	ג	ה	נליה
נגח	נ	ג	ח	שלמים
נגנ	נ	ג	נ	שלמים
נגס	נ	ג	ס	שלמים
נגע	נ	ג	ע	שלמים
נגפ	נ	ג	פ	שלמים
נגר	נ	ג	ר	שלמים
נגש	נ	ג	ש	שלמים
נדב	נ	ד	ב	שלמים
נדד	נ	ד	ד	כפולים
נדח	נ	ד	ח	שלמים
נדי	נ	ד	י	נליה
נדפ	נ	ד	פ	שלמים
נדר	נ	ד	ר	שלמים
נהג	נ	ה	ג	שלמים
נהי	נ	ה	י	נליה
נהל	נ	ה	ל	שלמים
נהמ	נ	ה	מ	שלמים
נהר	נ	ה	ר	שלמים
נוא	נ	ו	א	נעו
נוב	נ	ו	ב	נעו
נוד	נ	ו	ד	נעו
נוד	נ	ו	ד	נעו
נוח	נ	ו	ח	נעו
נוט	נ	ו	ט	נעו
נוי	נ	ו	י	נעו_נליה
נול	נ	ו	ל	נעו
נומ	נ	ו	מ	נעו
נונ	נ	ו	נ	נעו
נוס	נ	ו	ס	נעו
נוע	נ	ו	ע	נעו
נופ	נ	ו	פ	נעו
נור	נ	ו	ר	נעו
נזי	נ	ז	י	נליה
נזל	נ	ז	ל	שלמים
נזפ	נ	ז	פ	שלמים
נזר	נ	ז	ר	שלמים
נחי	נ	ח	י	נליה
נחל	נ	ח	ל	שלמים
נחמ	נ	ח	מ	שלמים
נחס	נ	ח	ס	שלמים
נחר	נ	ח	ר	שלמים
נחש	נ	ח	ש	שלמים
נטי	נ	ט	י	נליה
נטל	נ	ט	ל	שלמים
נטע	נ	ט	ע	שלמים
נטפ	נ	ט	פ	שלמים
נטר	נ	ט	ר	שלמים
נטש	נ	ט	ש	שלמים
ניא	נ	י	א	נעו
ניב	נ	י	ב	נעו
ניד	נ	י	ד	נעו
ניד	נ	י	ד	נעו
ניח	נ	י	ח	נעו
ניט	נ	י	ט	נעו
ניל	נ	י	ל	נעו
נימ	נ	י	מ	נעו
נינ	נ	י	נ	נעו
ניס	נ	י	ס	נעו
ניע	נ	י	ע	נעו
ניפ	נ	י	פ	נעו
ניר	נ	י	ר	נעו
נכח	נ	כ	ח	שלמים
נכי	נ	כ	י	נליה
נכר	נ	כ	ר	שלמים
נכש	נ	כ	ש	שלמים
נסח	נ	ס	ח	שלמים
נסי	נ	ס	י	נליה
נסכ	נ	ס	כ	שלמים
נסס	נ	ס	ס	כפולים
נסע	נ	ס	ע	שלמים
נסק	נ	ס	ק	שלמים
נסר	נ	ס	ר	שלמים
נעל	נ	ע	ל	שלמים
נער	נ	ע	ר	שלמים
נפח	נ	פ	ח	שלמים
נפט	נ	פ	ט	שלמים
נפי	נ	פ	י	נליה
נפל	נ	פ	ל	שלמים
נפע	נ	פ	ע	שלמים
נפצ	נ	פ	צ	שלמים
נפק	נ	פ	ק	שלמים
נפש	נ	פ	ש	שלמים
נצי	נ	צ	י	נליה
נצל	נ	צ	ל	שלמים
נצצ	נ	צ	צ	כפולים
נצר	נ	צ	ר	שלמים
נשא	נ	ש	א	שלמים
נשב	נ	ש	ב	שלמים
נשכ	נ	ש	כ	שלמים
נשל	נ	ש	ל	שלמים
נשמ	נ	ש	מ	שלמים
נשפ	נ	ש	פ	שלמים
נשק	נ	ש	ק	שלמים
נשר	נ	ש	ר	שלמים
נשׂא	נ	שׂ	א	שלמים
נתב	נ	ת	ב	שלמים
נתז	נ	ת	ז	שלמים
נתנ	נ	ת	נ	שלמים
נתק	נ	ת	ק	שלמים
נתר	נ	ת	ר	שלמים
סאב	ס	א	ב	פשס
סבא	ס	ב	א	פשס
סבב	ס	ב	ב	פשס_כפולים
סבכ	ס	ב	כ	פשס
סבל	ס	ב	ל	פשס
סבנ	ס	ב	נ	פשס
סבר	ס	ב	ר	פשס
סגד	ס	ג	ד	פשס
סגל	ס	ג	ל	פשס
סגר	ס	ג	ר	פשס
סדק	ס	ד	ק	פשס
סדר	ס	ד	ר	פשס
סהד	ס	ה	ד	פשס
סוג	ס	ו	ג	פשס_נעו
סוד	ס	ו	ד	פשס_נעו
סוט	ס	ו	ט	פשס_נעו
סומ	ס	ו	מ	פשס_נעו
סוס	ס	ו	ס	פשס_נעו
סור	ס	ו	ר	פשס_נעו
סחט	ס	ח	ט	פשס
סחר	ס	ח	ר	פשס
סיג	ס	י	ג	פשס_נעו
סיד	ס	י	ד	פשס_נעו
סיט	ס	י	ט	פשס_נעו
סימ	ס	י	מ	פשס_נעו
סיס	ס	י	ס	פשס_נעו
סיר	ס	י	ר	פשס_נעו
סככ	ס	כ	כ	פשס_כפולים
סכל	ס	כ	ל	פשס
סכמ	ס	כ	מ	פשס
סכנ	ס	כ	נ	פשס
סכר	ס	כ	ר	פשס
סלא	ס	ל	א	פשס
סלד	ס	ל	ד	פשס
סלח	ס	ל	ח	פשס
סלי	ס	ל	י	פשס_נליה
סלל	ס	ל	ל	פשס_כפולים
סלמ	ס	ל	מ	פשס
סלפ	ס	ל	פ	פשס
סלק	ס	ל	ק	פשס
סלר	ס	ל	ר	פשס
סמא	ס	מ	א	פשס
סמכ	ס	מ	כ	פשס
סמל	ס	מ	ל	פשס
סמנ	ס	מ	נ	פשס
סמס	ס	מ	ס	פשס
סמק	ס	מ	ק	פשס
סמר	ס	מ	ר	פשס
סנט	ס	נ	ט	פשס
סננ	ס	נ	נ	פשס_כפולים
ספג	ס	פ	ג	פשס
ספד	ס	פ	ד	פשס
ספח	ס	פ	ח	פשס
ספי	ס	פ	י	פשס_נליה
ספנ	ס	פ	נ	פשס
ספק	ס	פ	ק	פשס
ספר	ס	פ	ר	פשס
סקל	ס	ק	ל	פשס
סקס	ס	ק	ס	פשס
סקר	ס	ק	ר	פשס
סרב	ס	ר	ב	פשס
סרג	ס	ר	ג	פשס
סרח	ס	ר	ח	פשס
סרט	ס	ר	ט	פשס
סרכ	ס	ר	כ	פשס
סרס	ס	ר	ס	פשס
סתמ	ס	ת	מ	פשס
סתר	ס	ת	ר	פשס
סתת	ס	ת	ת	פשס_כפולים
עבד	ע	ב	ד	שלמים
עבט	ע	ב	ט	שלמים
עבי	ע	ב	י	נליה
עבר	ע	ב	ר	שלמים
עגב	ע	ג	ב	שלמים
עגל	ע	ג	ל	שלמים
עגמ	ע	ג	מ	שלמים
עגנ	ע	ג	נ	שלמים
עדי	ע	ד	י	נליה
עדר	ע	ד	ר	שלמים
עוב	ע	ו	ב	נעו
עוג	ע	ו	ג	נעו
עוד	ע	ו	ד	נעו
עוז	ע	ו	ז	נעו
עוט	ע	ו	ט	נעו
עול	ע	ו	ל	נעו
עונ	ע	ו	נ	נעו
עופ	ע	ו	פ	נעו
עוק	ע	ו	ק	נעו
עור	ע	ו	ר	נעו
עוש	ע	ו	ש	נעו
עות	ע	ו	ת	נעו
עזר	ע	ז	ר	שלמים
עטי	ע	ט	י	נליה
עטנ	ע	ט	נ	שלמים
עטפ	ע	ט	פ	שלמים
עטר	ע	ט	ר	שלמים
עטש	ע	ט	ש	שלמים
עיב	ע	י	ב	נעו
עיג	ע	י	ג	נעו
עיד	ע	י	ד	נעו
עיז	ע	י	ז	נעו
עיט	ע	י	ט	נעו
עיל	ע	י	ל	נעו
עינ	ע	י	נ	נעו
עיפ	ע	י	פ	נעו
עיק	ע	י	ק	נעו
עיר	ע	י	ר	נעו
עיש	ע	י	ש	נעו
עית	ע	י	ת	נעו
עכב	ע	כ	ב	שלמים
עכל	ע	כ	ל	שלמים
עכס	ע	כ	ס	שלמים
עכר	ע	כ	ר	שלמים
עלב	ע	ל	ב	שלמים
עלז	ע	ל	ז	שלמים
עלי	ע	ל	י	נליה
עלל	ע	ל	ל	כפולים
עלמ	ע	ל	מ	שלמים
עלצ	ע	ל	צ	שלמים
עלק	ע	ל	ק	שלמים
עמד	ע	מ	ד	שלמים
עממ	ע	מ	מ	כפולים
עמס	ע	מ	ס	שלמים
עמק	ע	מ	ק	שלמים
עמר	ע	מ	ר	שלמים
עמת	ע	מ	ת	שלמים
ענג	ע	נ	ג	שלמים
ענד	ע	נ	ד	שלמים
עני	ע	נ	י	נליה
עננ	ע	נ	נ	כפולים
ענפ	ע	נ	פ	שלמים
ענק	ע	נ	ק	שלמים
עסי	ע	ס	י	נליה
עסס	ע	ס	ס	כפולים
עסק	ע	ס	ק	שלמים
עפל	ע	פ	ל	שלמים
עפצ	ע	פ	צ	שלמים
עפר	ע	פ	ר	שלמים
עפש	ע	פ	ש	שלמים
עצב	ע	צ	ב	שלמים
עצי	ע	צ	י	נליה
עצל	ע	צ	ל	שלמים
עצמ	ע	צ	מ	שלמים
עצצ	ע	צ	צ	כפולים
עצר	ע	צ	ר	שלמים
עקב	ע	ק	ב	שלמים
עקד	ע	ק	ד	שלמים
עקל	ע	ק	ל	שלמים
עקמ	ע	ק	מ	שלמים
עקפ	ע	ק	פ	שלמים
עקר	ע	ק	ר	שלמים
עקש	ע	ק	ש	שלמים
ערב	ע	ר	ב	שלמים
ערג	ע	ר	ג	שלמים
ערו	ע	ר	ו	שלמים
ערי	ע	ר	י	נליה
ערכ	ע	ר	כ	שלמים
ערל	ע	ר	ל	שלמים
ערמ	ע	ר	מ	שלמים
ערק	ע	ר	ק	שלמים
ערר	ע	ר	ר	כפולים
ערשׂ	ע	ר	שׂ	שלמים
עשי	ע	ש	י	נליה
עשר	ע	ש	ר	שלמים
עשת	ע	ש	ת	שלמים
עשׂי	ע	שׂ	י	נליה
עשׂר	ע	שׂ	ר	שלמים
עתד	ע	ת	ד	שלמים
עתמ	ע	ת	מ	שלמים
עתק	ע	ת	ק	שלמים
עתר	ע	ת	ר	שלמים
פאי	פ	א	י	נליה
פאר	פ	א	ר	שלמים
פגג	פ	ג	ג	כפולים
פגז	פ	ג	ז	שלמים
פגל	פ	ג	ל	שלמים
פגמ	פ	ג	מ	שלמים
פגנ	פ	ג	נ	שלמים
פגע	פ	ג	ע	שלמים
פגר	פ	ג	ר	שלמים
פגש	פ	ג	ש	שלמים
פדל	פ	ד	ל	שלמים
פדר	פ	ד	ר	שלמים
פוג	פ	ו	ג	נעו
פוח	פ	ו	ח	נעו
פוט	פ	ו	ט	נעו
פומ	פ	ו	מ	נעו
פונ	פ	ו	נ	נעו
פוס	פ	ו	ס	נעו
פוק	פ	ו	ק	נעו
פוש	פ	ו	ש	נעו
פזז	פ	ז	ז	כפולים
פזל	פ	ז	ל	שלמים
פזם	פ	ז	ם	שלמים
פזר	פ	ז	ר	שלמים
פחד	פ	ח	ד	שלמים
פחז	פ	ח	ז	שלמים
פחח	פ	ח	ח	כפולים
פחמ	פ	ח	מ	שלמים
פחת	פ	ח	ת	שלמים
פטט	פ	ט	ט	כפולים
פטמ	פ	ט	מ	שלמים
פטר	פ	ט	ר	שלמים
פיג	פ	י	ג	נעו
פיח	פ	י	ח	נעו
פיט	פ	י	ט	נעו
פימ	פ	י	מ	נעו
פינ	פ	י	נ	נעו
פיס	פ	י	ס	נעו
פיק	פ	י	ק	נעו
פיש	פ	י	ש	נעו
פכח	פ	כ	ח	שלמים
פכי	פ	כ	י	נליה
פכר	פ	כ	ר	שלמים
פלג	פ	ל	ג	שלמים
פלט	פ	ל	ט	שלמים
פלי	פ	ל	י	נליה
פלל	פ	ל	ל	כפולים
פלנ	פ	ל	נ	שלמים
פלס	פ	ל	ס	שלמים
פלצ	פ	ל	צ	שלמים
פלק	פ	ל	ק	שלמים
פלר	פ	ל	ר	שלמים
פלש	פ	ל	ש	שלמים
פני	פ	נ	י	נליה
פנמ	פ	נ	מ	שלמים
פנק	פ	נ	ק	שלמים
פסד	פ	ס	ד	שלמים
פסח	פ	ס	ח	שלמים
פסס	פ	ס	ס	כפולים
פסע	פ	ס	ע	שלמים
פסק	פ	ס	ק	שלמים
פעי	פ	ע	י	נליה
פעל	פ	ע	ל	שלמים
פעל	פ	ע	ל	שלמים
פעמ	פ	ע	מ	שלמים
פער	פ	ע	ר	שלמים
פצח	פ	צ	ח	שלמים
פצל	פ	צ	ל	שלמים
פצע	פ	צ	ע	שלמים
פצצ	פ	צ	צ	כפולים
פצר	פ	צ	ר	שלמים
פקד	פ	ק	ד	שלמים
פקח	פ	ק	ח	שלמים
פקע	פ	ק	ע	שלמים
פקק	פ	ק	ק	כפולים
פקר	פ	ק	ר	שלמים
פרד	פ	ר	ד	שלמים
פרז	פ	ר	ז	שלמים
פרח	פ	ר	ח	שלמים
פרט	פ	ר	ט	שלמים
פרי	פ	ר	י	נליה
פרכ	פ	ר	כ	שלמים
פרמ	פ	ר	מ	שלמים
פרס	פ	ר	ס	שלמים
פרע	פ	ר	ע	שלמים
פרפ	פ	ר	פ	שלמים
פרצ	פ	ר	צ	שלמים
פרק	פ	ר	ק	שלמים
פרר	פ	ר	ר	כפולים
פרש	פ	ר	ש	שלמים
פשח	פ	ש	ח	שלמים
פשט	פ	ש	ט	שלמים
פשי	פ	ש	י	נליה
פשל	פ	ש	ל	שלמים
פשע	פ	ש	ע	שלמים
פשר	פ	ש	ר	שלמים
פשׂק	פ	שׂ	ק	שלמים
פתח	פ	ת	ח	שלמים
פתל	פ	ת	ל	שלמים
פתע	פ	ת	ע	שלמים
פתר	פ	ת	ר	שלמים
פתת	פ	ת	ת	כפולים
צבא	צ	ב	א	פצ
צבט	צ	ב	ט	פצ
צבי	צ	ב	י	פצ_נליה
צבע	צ	ב	ע	פצ
צבר	צ	ב	ר	פצ
צדד	צ	ד	ד	פצ_כפולים
צדי	צ	ד	י	פצ_נליה
צדע	צ	ד	ע	פצ
צדפ	צ	ד	פ	פצ
צדק	צ	ד	ק	פצ
צהב	צ	ה	ב	פצ
צהל	צ	ה	ל	פצ
צהר	צ	ה	ר	פצ
צוד	צ	ו	ד	פצ_נעו
צוח	צ	ו	ח	פצ_נעו
צוי	צ	ו	י	פצ_נעו_נליה
צומ	צ	ו	מ	פצ_נעו
צונ	צ	ו	נ	פצ_נעו
צוצ	צ	ו	צ	פצ_נעו
צוק	צ	ו	ק	פצ_נעו
צור	צ	ו	ר	פצ_נעו
צות	צ	ו	ת	פצ_נעו
צחח	צ	ח	ח	פצ_כפולים
צחנ	צ	ח	נ	פצ
צחק	צ	ח	ק	פצ
צחר	צ	ח	ר	פצ
ציד	צ	י	ד	פצ_נעו
ציח	צ	י	ח	פצ_נעו
צימ	צ	י	מ	פצ_נעו
צינ	צ	י	נ	פצ_נעו
ציצ	צ	י	צ	פצ_נעו
ציק	צ	י	ק	פצ_נעו
ציר	צ	י	ר	פצ_נעו
צית	צ	י	ת	פצ_נעו
צלב	צ	ל	ב	פצ
צלח	צ	ל	ח	פצ
צלי	צ	ל	י	פצ_נליה
צלל	צ	ל	ל	פצ_כפולים
צלמ	צ	ל	מ	פצ
צלע	צ	ל	ע	פצ
צלפ	צ	ל	פ	פצ
צלק	צ	ל	ק	פצ
צמא	צ	מ	א	פצ
צמג	צ	מ	ג	פצ
צמד	צ	מ	ד	פצ
צמח	צ	מ	ח	פצ
צמל	צ	מ	ל	פצ
צממ	צ	מ	מ	פצ_כפולים
צמת	צ	מ	ת	פצ
צנח	צ	נ	ח	פצ
צנמ	צ	נ	מ	פצ
צננ	צ	נ	נ	פצ_כפולים
צנע	צ	נ	ע	פצ
צנפ	צ	נ	פ	פצ
צעד	צ	ע	ד	פצ
צעי	צ	ע	י	פצ_נליה
צענ	צ	ע	נ	פצ
צעפ	צ	ע	פ	פצ
צעק	צ	ע	ק	פצ
צער	צ	ע	ר	פצ
צפד	צ	פ	ד	פצ
צפי	צ	פ	י	פצ_נליה
צפנ	צ	פ	נ	פצ
צפפ	צ	פ	פ	פצ_כפולים
צפר	צ	פ	ר	פצ
צרב	צ	ר	ב	פצ
צרד	צ	ר	ד	פצ
צרח	צ	ר	ח	פצ
צרי	צ	ר	י	פצ_נליה
צרכ	צ	ר	כ	פצ
צרמ	צ	ר	מ	פצ
צרנ	צ	ר	נ	פצ
צרע	צ	ר	ע	פצ
צרפ	צ	ר	פ	פצ
צרר	צ	ר	ר	פצ_כפולים
קבל	ק	ב	ל	שלמים
קבע	ק	ב	ע	שלמים
קבצ	ק	ב	צ	שלמים
קבר	ק	ב	ר	שלמים
קדד	ק	ד	ד	כפולים
קדח	ק	ד	ח	שלמים
קדמ	ק	ד	מ	שלמים
קדר	ק	ד	ר	שלמים
קדש	ק	ד	ש	שלמים
קוא	ק	ו	א	נעו
קוט	ק	ו	ט	נעו
קוי	ק	ו	י	נעו_נליה
קול	ק	ו	ל	נעו
קומ	ק	ו	מ	נעו
קופ	ק	ו	פ	נעו
קוצ	ק	ו	צ	נעו
קור	ק	ו	ר	נעו
קוש	ק	ו	ש	נעו
קזז	ק	ז	ז	כפולים
קטב	ק	ט	ב	שלמים
קטל	ק	ט	ל	שלמים
קטמ	ק	ט	מ	שלמים
קטנ	ק	ט	נ	שלמים
קטע	ק	ט	ע	שלמים
קטפ	ק	ט	פ	שלמים
קטר	ק	ט	ר	שלמים
קיא	ק	י	א	נעו
קיט	ק	י	ט	נעו
קיל	ק	י	ל	נעו
קימ	ק	י	מ	נעו
קיפ	ק	י	פ	נעו
קיצ	ק	י	צ	נעו
קיר	ק	י	ר	נעו
קיש	ק	י	ש	נעו
קלד	ק	ל	ד	שלמים
קלט	ק	ל	ט	שלמים
קלל	ק	ל	ל	כפולים
קלס	ק	ל	ס	שלמים
קלע	ק	ל	ע	שלמים
קלפ	ק	ל	פ	שלמים
קלק	ק	ל	ק	שלמים
קלש	ק	ל	ש	שלמים
קנא	ק	נ	א	שלמים
קנח	ק	נ	ח	שלמים
קננ	ק	נ	נ	כפולים
קסמ	ק	ס	מ	שלמים
קסס	ק	ס	ס	כפולים
קער	ק	ע	ר	שלמים
קפא	ק	פ	א	שלמים
קפד	ק	פ	ד	שלמים
קפז	ק	פ	ז	שלמים
קפח	ק	פ	ח	שלמים
קפי	ק	פ	י	נליה
קפל	ק	פ	ל	שלמים
קפס	ק	פ	ס	שלמים
קפצ	ק	פ	צ	שלמים
קצב	ק	צ	ב	שלמים
קצי	ק	צ	י	נליה
קצנ	ק	צ	נ	שלמים
קצע	ק	צ	ע	שלמים
קצפ	ק	צ	פ	שלמים
קצצ	ק	צ	צ	כפולים
קצר	ק	צ	ר	שלמים
קרא	ק	ר	א	שלמים
קרב	ק	ר	ב	שלמים
קרד	ק	ר	ד	שלמים
קרח	ק	ר	ח	שלמים
קרי	ק	ר	י	נליה
קרמ	ק	ר	מ	שלמים
קרנ	ק	ר	נ	שלמים
קרס	ק	ר	ס	שלמים
קרע	ק	ר	ע	שלמים
קרפ	ק	ר	פ	שלמים
קרצ	ק	ר	צ	שלמים
קרר	ק	ר	ר	כפולים
קרש	ק	ר	ש	שלמים
קשב	ק	ש	ב	שלמים
קשח	ק	ש	ח	שלמים
קשט	ק	ש	ט	שלמים
קשי	ק	ש	י	נליה
קשר	ק	ש	ר	שלמים
קשש	ק	ש	ש	כפולים
קשת	ק	ש	ת	שלמים
ראו	ר	א	ו	שלמים
ראי	ר	א	י	נליה
ראמ	ר	א	מ	שלמים
ראש	ר	א	ש	שלמים
רבב	ר	ב	ב	כפולים
רבד	ר	ב	ד	שלמים
רבי	ר	ב	י	נליה
רבכ	ר	ב	כ	שלמים
רבע	ר	ב	ע	שלמים
רבצ	ר	ב	צ	שלמים
רגז	ר	ג	ז	שלמים
רגל	ר	ג	ל	שלמים
רגמ	ר	ג	מ	שלמים
רגנ	ר	ג	נ	שלמים
רגע	ר	ג	ע	שלמים
רגש	ר	ג	ש	שלמים
רדד	ר	ד	ד	כפולים
רדי	ר	ד	י	נליה
רדמ	ר	ד	מ	שלמים
רדפ	ר	ד	פ	שלמים
רהב	ר	ה	ב	שלמים
רהט	ר	ה	ט	שלמים
רהי	ר	ה	י	נליה
רהן	ר	ה	ן	שלמים
רוב	ר	ו	ב	נעו
רוב	ר	ו	ב	נעו
רוד	ר	ו	ד	נעו
רוח	ר	ו	ח	נעו
רוי	ר	ו	י	נעו_נליה
רומ	ר	ו	מ	נעו
רוצ	ר	ו	צ	נעו
רוק	ר	ו	ק	נעו
רור	ר	ו	ר	נעו
רוש	ר	ו	ש	נעו
רחב	ר	ח	ב	שלמים
רחמ	ר	ח	מ	שלמים
רחפ	ר	ח	פ	שלמים
רחצ	ר	ח	צ	שלמים
רחק	ר	ח	ק	שלמים
רחש	ר	ח	ש	שלמים
רטב	ר	ט	ב	שלמים
רטט	ר	ט	ט	כפולים
רטי	ר	ט	י	נליה
רטנ	ר	ט	נ	שלמים
ריב	ר	י	ב	נעו
ריב	ר	י	ב	נעו
ריד	ר	י	ד	נעו
ריח	ר	י	ח	נעו
רימ	ר	י	מ	נעו
ריצ	ר	י	צ	נעו
ריק	ר	י	ק	נעו
ריר	ר	י	ר	נעו
ריש	ר	י	ש	נעו
רכב	ר	כ	ב	שלמים
רכז	ר	כ	ז	שלמים
רככ	ר	כ	כ	כפולים
רכל	ר	כ	ל	שלמים
רכנ	ר	כ	נ	שלמים
רכס	ר	כ	ס	שלמים
רכש	ר	כ	ש	שלמים
רסנ	ר	ס	נ	שלמים
רעב	ר	ע	ב	שלמים
רעד	ר	ע	ד	שלמים
רעי	ר	ע	י	נליה
רעל	ר	ע	ל	שלמים
רעמ	ר	ע	מ	שלמים
רעע	ר	ע	ע	כפולים
רעפ	ר	ע	פ	שלמים
רעצ	ר	ע	צ	שלמים
רעש	ר	ע	ש	שלמים
רפא	ר	פ	א	שלמים
רפד	ר	פ	ד	שלמים
רפט	ר	פ	ט	שלמים
רפי	ר	פ	י	נליה
רפס	ר	פ	ס	שלמים
רפק	ר	פ	ק	שלמים
רצד	ר	צ	ד	שלמים
רצח	ר	צ	ח	שלמים
רצי	ר	צ	י	נליה
רצנ	ר	צ	נ	שלמים
רצע	ר	צ	ע	שלמים
רצפ	ר	צ	פ	שלמים
רצצ	ר	צ	צ	כפולים
רקב	ר	ק	ב	שלמים
רקד	ר	ק	ד	שלמים
רקח	ר	ק	ח	שלמים
רקמ	ר	ק	מ	שלמים
רקע	ר	ק	ע	שלמים
רקק	ר	ק	ק	כפולים
רשי	ר	ש	י	נליה
רשל	ר	ש	ל	שלמים
רשמ	ר	ש	מ	שלמים
רשע	ר	ש	ע	שלמים
רשפ	ר	ש	פ	שלמים
רשת	ר	ש	ת	שלמים
רתח	ר	ת	ח	שלמים
רתי	ר	ת	י	נליה
רתכ	ר	ת	כ	שלמים
רתמ	ר	ת	מ	שלמים
רתע	ר	ת	ע	שלמים
רתק	ר	ת	ק	שלמים
שאב	ש	א	ב	פשס
שאג	ש	א	ג	פשס
שאט	ש	א	ט	פשס
שאי	ש	א	י	פשס_נליה
שאל	ש	א	ל	פשס
שאנ	ש	א	נ	פשס
שאפ	ש	א	פ	פשס
שאר	ש	א	ר	פשס
שבב	ש	ב	ב	פשס_כפולים
שבז	ש	ב	ז	פשס
שבח	ש	ב	ח	פשס
שבט	ש	ב	ט	פשס
שבי	ש	ב	י	פשס_נליה
שבכ	ש	ב	כ	פשס
שבע	ש	ב	ע	פשס
שבצ	ש	ב	צ	פשס
שבר	ש	ב	ר	פשס
שבש	ש	ב	ש	פשס
שבת	ש	ב	ת	פשס
שגג	ש	ג	ג	פשס_כפולים
שגי	ש	ג	י	פשס_נליה
שגל	ש	ג	ל	פשס
שגר	ש	ג	ר	פשס
שדד	ש	ד	ד	פשס_כפולים
שדכ	ש	ד	כ	פשס
שדל	ש	ד	ל	פשס
שדפ	ש	ד	פ	פשס
שדר	ש	ד	ר	פשס
שהי	ש	ה	י	פשס_נליה
שהק	ש	ה	ק	פשס
שוב	ש	ו	ב	פשס_נעו
שוח	ש	ו	ח	פשס_נעו
שוט	ש	ו	ט	פשס_נעו
שוי	ש	ו	י	פשס_נעו_נליה
שוכ	ש	ו	כ	פשס_נעו
שומ	ש	ו	מ	פשס_נעו
שוע	ש	ו	ע	פשס_נעו
שופ	ש	ו	פ	פשס_נעו
שוק	ש	ו	ק	פשס_נעו
שור	ש	ו	ר	פשס_נעו
שחח	ש	ח	ח	פשס_כפולים
שחט	ש	ח	ט	פשס
שחי	ש	ח	י	פשס_נליה
שחל	ש	ח	ל	פשס
שחמ	ש	ח	מ	פשס
שחפ	ש	ח	פ	פשס
שחצ	ש	ח	צ	פשס
שחק	ש	ח	ק	פשס
שחר	ש	ח	ר	פשס
שחת	ש	ח	ת	פשס
שטח	ש	ט	ח	פשס
שטי	ש	ט	י	פשס_נליה
שטפ	ש	ט	פ	פשס
שטר	ש	ט	ר	פשס
שיב	ש	י	ב	פשס_נעו
שיח	ש	י	ח	פשס_נעו
שיט	ש	י	ט	פשס_נעו
שיכ	ש	י	כ	פשס_נעו
שימ	ש	י	מ	פשס_נעו
שיע	ש	י	ע	פשס_נעו
שיפ	ש	י	פ	פשס_נעו
שיק	ש	י	ק	פשס_נעו
שיר	ש	י	ר	פשס_נעו
שכב	ש	כ	ב	פשס
שכח	ש	כ	ח	פשס
שככ	ש	כ	כ	פשס_כפולים
שכל	ש	כ	ל	פשס
שכנ	ש	כ	נ	פשס
שכר	ש	כ	ר	פשס
שלב	ש	ל	ב	פשס
שלג	ש	ל	ג	פשס
שלח	ש	ל	ח	פשס
שלט	ש	ל	ט	פשס
שלי	ש	ל	י	פשס_נליה
שלכ	ש	ל	כ	פשס
שלל	ש	ל	ל	פשס_כפולים
שלמ	ש	ל	מ	פשס
שלפ	ש	ל	פ	פשס
שלק	ש	ל	ק	פשס
שלש	ש	ל	ש	פשס
שמד	ש	מ	ד	פשס
שמט	ש	מ	ט	פשס
שממ	ש	מ	מ	פשס_כפולים
שמנ	ש	מ	נ	פשס
שמע	ש	מ	ע	פשס
שמצ	ש	מ	צ	פשס
שמר	ש	מ	ר	פשס
שמש	ש	מ	ש	פשס
שני	ש	נ	י	פשס_נליה
שננ	ש	נ	נ	פשס_כפולים
שנס	ש	נ	ס	פשס
שנע	ש	נ	ע	פשס
שנצ	ש	נ	צ	פשס
שנק	ש	נ	ק	פשס
שסי	ש	ס	י	פשס_נליה
שסס	ש	ס	ס	פשס_כפולים
שסע	ש	ס	ע	פשס
שספ	ש	ס	פ	פשס
שעל	ש	ע	ל	פשס
שער	ש	ע	ר	פשס
שפד	ש	פ	ד	פשס
שפט	ש	פ	ט	פשס
שפי	ש	פ	י	פשס_נליה
שפכ	ש	פ	כ	פשס
שפל	ש	פ	ל	פשס
שפמ	ש	פ	מ	פשס
שפנ	ש	פ	נ	פשס
שפע	ש	פ	ע	פשס
שפפ	ש	פ	פ	פשס_כפולים
שפצ	ש	פ	צ	פשס
שפר	ש	פ	ר	פשס
שפת	ש	פ	ת	פשס
שקט	ש	ק	ט	פשס
שקי	ש	ק	י	פשס_נליה
שקל	ש	ק	ל	פשס
שקמ	ש	ק	מ	פשס
שקע	ש	ק	ע	פשס
שקפ	ש	ק	פ	פשס
שקצ	ש	ק	צ	פשס
שקק	ש	ק	ק	פשס_כפולים
שקר	ש	ק	ר	פשס
שרב	ש	ר	ב	פשס
שרק	ש	ר	ק	פשס
שרש	ש	ר	ש	פשס
שרת	ש	ר	ת	פשס
שתי	ש	ת	י	פשס_נליה
שתל	ש	ת	ל	פשס
שתנ	ש	ת	נ	פשס
שתק	ש	ת	ק	פשס
שתת	ש	ת	ת	פשס_כפולים
שׂבע	שׂ	ב	ע	פשס
שׂגא	שׂ	ג	א	פשס
שׂדד	שׂ	ד	ד	פשס_כפולים
שׂוב	שׂ	ו	ב	פשס_נעו
שׂומ	שׂ	ו	מ	פשס_נעו
שׂחי	שׂ	ח	י	פשס_נליה
שׂחק	שׂ	ח	ק	פשס
שׂטמ	שׂ	ט	מ	פשס
שׂטנ	שׂ	ט	נ	פשס
שׂיב	שׂ	י	ב	פשס_נעו
שׂימ	שׂ	י	מ	פשס_נעו
שׂמח	שׂ	מ	ח	פשס
שׂמל	שׂ	מ	ל	פשס
שׂנא	שׂ	נ	א	פשס
שׂפי	שׂ	פ	י	פשס_נליה
שׂקק	שׂ	ק	ק	פשס_כפולים
שׂרד	שׂ	ר	ד	פשס
שׂרע	שׂ	ר	ע	פשס
שׂרפ	שׂ	ר	פ	פשס
שׂרר	שׂ	ר	ר	פשס_כפולים
תאב	ת	א	ב	פדטת
תאו	ת	א	ו	פדטת
תאי	ת	א	י	פדטת_נליה
תאמ	ת	א	מ	פדטת
תאר	ת	א	ר	פדטת
תבל	ת	ב	ל	פדטת
תבע	ת	ב	ע	פדטת
תגר	ת	ג	ר	פדטת
תדר	ת	ד	ר	פדטת
תהד	ת	ה	ד	פדטת
תהי	ת	ה	י	פדטת_נליה
תוג	ת	ו	ג	פדטת_נעו
תוי	ת	ו	י	פדטת_נעו_נליה
תוכ	ת	ו	כ	פדטת_נעו
תול	ת	ו	ל	פדטת_נעו
תוק	ת	ו	ק	פדטת_נעו
תור	ת	ו	ר	פדטת_נעו
תוש	ת	ו	ש	פדטת_נעו
תזז	ת	ז	ז	פדטת_כפולים
תחב	ת	ח	ב	פדטת
תחח	ת	ח	ח	פדטת_כפולים
תחל	ת	ח	ל	פדטת
תחת	ת	ח	ת	פדטת
תיג	ת	י	ג	פדטת_נעו
תיכ	ת	י	כ	פדטת_נעו
תיל	ת	י	ל	פדטת_נעו
תיק	ת	י	ק	פדטת_נעו
תיר	ת	י	ר	פדטת_נעו
תיש	ת	י	ש	פדטת_נעו
תלה	ת	ל	ה	פדטת_נליה
תלל	ת	ל	ל	פדטת_כפולים
תלע	ת	ל	ע	פדטת
תלש	ת	ל	ש	פדטת
תמד	ת	מ	ד	פדטת
תמי	ת	מ	י	פדטת_נליה
תמכ	ת	מ	כ	פדטת
תממ	ת	מ	מ	פדטת_כפולים
תמר	ת	מ	ר	פדטת
תנד	ת	נ	ד	פדטת
תני	ת	נ	י	פדטת_נליה
תנע	ת	נ	ע	פדטת
תנצ	ת	נ	צ	פדטת
תפח	ת	פ	ח	פדטת
תפל	ת	פ	ל	פדטת
תפס	ת	פ	ס	פדטת
תפפ	ת	פ	פ	פדטת_כפולים
תפר	ת	פ	ר	פדטת
תפשׂ	ת	פ	שׂ	פדטת
תקל	ת	ק	ל	פדטת
תקנ	ת	ק	נ	פדטת
תקע	ת	ק	ע	פדטת
תקפ	ת	ק	פ	פדטת
תרז	ת	ר	ז	פדטת
תרי	ת	ר	י	פדטת_נליה
תרמ	ת	ר	מ	פדטת
תרס	ת	ר	ס	פדטת
תרע	ת	ר	ע	פדטת
תרצ	ת	ר	צ	פדטת
תשש	ת	ש	ש	פדטת_כפולים
